Support,Apriori,FP-Growth,ECLAT,Itemsets_Found
0.2,0.0012459754943847656,0.010682106018066406,0.004539012908935547,7
0.1,0.004561901092529297,0.22765707969665527,0.030235767364501953,73
0.05,0.03459000587463379,2.3161637783050537,0.015060901641845703,562
0.03,0.18549299240112305,7.903232097625732,0.02742600440979004,1737
